,y
0,130.81
1,88.53
2,76.26
3,80.62
4,92.93
5,128.76
6,108.67
7,102.09
8,98.12
9,82.62
10,94.12
11,99.15
12,93.64
13,106.1
14,114.13
15,89.81
16,90.56
17,94.57
18,108.14
19,120.77
20,84.84
21,93.59
22,104.07
23,90.08
24,128.19
25,76.01
26,106.87
27,114.78
28,117.31
29,110.76
30,101.44
31,91.98
32,98.08
33,139.2
34,85.44
35,110.52
36,91.44
37,91.52
38,91.59
39,108.0
40,93.81
41,91.57
42,97.24
43,90.11
44,94.83
45,108.42
46,95.57
47,88.82
48,104.78
49,87.75
50,93.27
51,111.74
52,84.15
53,93.67
54,107.72
55,90.87
56,118.24
57,89.91
58,113.4
59,118.53
60,79.03
61,92.47
62,100.98
63,114.76
64,111.15
65,108.57
66,93.03
67,93.12
68,94.27
69,110.37
70,98.84
71,101.98
72,96.96
73,110.98
74,73.7
75,111.42
76,98.91
77,106.46
78,115.43
79,91.94
80,108.37
81,127.66
82,93.62
83,106.67
84,96.06
85,92.5
86,92.35
87,102.97
88,109.43
89,106.31
90,87.15
91,107.83
92,112.75
93,89.49
94,126.17
95,100.38
96,95.42
97,88.78
98,105.15
99,118.74
100,116.61
101,90.99
102,113.28
103,101.43
104,113.69
105,87.09
106,116.73
107,102.52
108,91.24
109,96.88
110,110.96
111,88.92
112,102.46
113,89.23
114,110.02
115,96.78
116,101.66
117,87.26
118,111.55
119,88.1
120,101.07
121,96.41
122,92.74
123,112.44
124,105.74
125,89.1
126,108.97
127,87.65
128,116.08
129,108.84
130,94.75
131,94.92
132,108.87
133,90.68
134,109.69
135,90.27
136,105.77
137,94.17
138,97.33
139,90.33
140,106.14
141,90.17
142,110.91
143,108.25
144,98.16
145,113.17
146,100.85
147,89.48
148,116.65
149,99.06
150,94.02
151,110.55
152,94.8
153,105.47
154,91.5
155,87.44
156,79.09
157,89.67
158,121.15
159,97.81
160,87.79
161,119.76
162,90.01
163,98.96
164,90.54
165,108.28
166,88.1
167,116.2
168,90.88
169,87.65
170,94.61
171,117.03
172,136.41
173,91.02
174,102.89
175,110.53
176,102.6
177,77.36
178,113.11
179,88.39
180,108.85
181,90.79
182,98.28
183,109.11
184,146.83
185,102.58
186,115.67
187,115.25
188,106.87
189,128.78
190,89.86
191,132.1
192,90.73
193,134.43
194,104.16
195,97.42
196,99.05
197,91.16
198,103.98
199,99.35
200,108.46
201,118.45
202,101.26
203,116.5
204,88.21
205,114.46
206,96.97
207,97.91
208,108.43
209,90.38
210,90.19
211,122.69
212,90.47
213,110.56
214,91.01
215,150.43
216,90.82
217,100.98
218,89.85
219,107.9
220,109.1
221,112.38
222,88.42
223,106.4
224,89.81
225,91.22
226,76.64
227,111.75
228,95.04
229,111.31
230,92.23
231,111.77
232,121.19
233,89.4
234,90.93
235,112.54
236,99.05
237,108.75
238,104.56
239,92.94
240,89.94
241,102.06
242,108.31
243,110.21
244,88.45
245,87.05
246,89.59
247,109.94
248,95.99
249,105.23
250,104.32
251,91.26
252,76.59
253,87.25
254,90.52
255,92.62
256,114.34
257,108.43
258,117.52
259,94.95
260,90.67
261,90.39
262,89.03
263,107.67
264,91.82
265,99.48
266,94.85
267,99.82
268,89.41
269,89.17
270,107.45
271,85.76
272,113.98
273,87.81
274,113.36
275,74.0
276,92.92
277,91.96
278,102.7
279,90.27
280,100.56
281,89.05
282,86.98
283,93.08
284,112.49
285,94.12
286,88.69
287,104.38
288,115.07
289,92.03
290,106.97
291,116.04
292,91.63
293,169.91
294,103.67
295,98.52
296,109.48
297,96.03
298,107.16
299,87.27
300,105.35
301,97.75
302,104.74
303,91.62
304,115.5
305,102.66
306,92.48
307,99.05
308,102.0
309,112.35
310,92.58
311,116.59
312,100.64
313,84.65
314,112.67
315,73.34
316,94.11
317,108.43
318,112.19
319,108.27
320,87.9
321,109.16
322,110.35
323,91.53
324,106.63
325,88.79
326,98.24
327,109.99
328,107.74
329,109.73
330,91.04
331,95.1
332,105.21
333,87.51
334,99.7
335,91.44
336,122.47
337,97.76
338,88.07
339,105.85
340,117.49
341,97.69
342,92.91
343,91.21
344,107.76
345,93.98
346,97.36
347,102.49
348,112.46
349,114.61
350,108.93
351,88.58
352,111.92
353,100.39
354,90.87
355,116.16
356,98.01
357,90.84
358,93.67
359,136.47
360,77.31
361,103.46
362,88.99
363,128.05
364,90.16
365,92.2
366,154.87
367,94.14
368,89.99
369,88.72
370,99.98
371,103.98
372,108.19
373,110.1
374,93.14
375,100.21
376,88.91
377,85.97
378,122.45
379,112.2
380,106.16
381,89.66
382,89.52
383,111.74
384,91.45
385,77.69
386,117.81
387,87.97
388,93.59
389,104.07
390,98.57
391,101.19
392,108.24
393,90.06
394,92.79
395,100.95
396,90.76
397,78.25
398,110.63
399,87.28
400,89.1
401,95.6
402,108.85
403,88.47
404,110.33
405,87.65
406,89.75
407,108.53
408,96.48
409,94.88
410,111.47
411,116.6
412,107.86
413,118.83
414,87.28
415,129.0
416,92.38
417,118.18
418,99.94
419,101.02
420,91.99
421,112.42
422,93.41
423,107.68
424,88.57
425,112.59
426,101.11
427,93.02
428,88.06
429,99.51
430,90.77
431,89.79
432,79.99
433,93.4
434,113.68
435,94.35
436,116.87
437,112.94
438,92.4
439,107.12
440,100.42
441,87.63
442,91.02
443,87.53
444,134.26
445,106.59
446,104.73
447,90.46
448,88.98
449,116.03
450,90.34
451,101.97
452,104.25
453,93.74
454,94.44
455,102.33
456,100.07
457,101.66
458,99.55
459,113.4
460,97.17
461,109.67
462,109.16
463,106.5
464,111.15
465,92.83
466,97.57
467,111.52
468,89.6
469,105.09
470,90.79
471,90.54
472,111.41
473,97.3
474,106.81
475,92.22
476,111.04
477,96.35
478,98.93
479,114.94
480,89.02
481,113.07
482,107.61
483,104.73
484,80.01
485,88.2
486,115.92
487,109.91
488,94.0
489,75.86
490,95.69
491,91.16
492,95.56
493,107.54
494,89.6
495,108.32
496,92.29
497,95.03
498,114.39
499,104.52
500,126.68
501,94.56
502,111.41
503,93.81
504,113.93
505,111.88
506,91.56
507,103.75
508,90.76
509,97.9
510,108.92
511,90.86
512,113.75
513,105.43
514,111.21
515,110.44
516,119.71
517,104.29
518,88.3
519,104.67
520,109.36
521,98.78
522,114.85
523,113.12
524,93.9
525,105.76
526,96.6
527,128.25
528,118.31
529,110.11
530,123.89
531,100.97
532,89.44
533,109.04
534,91.82
535,99.46
536,112.71
537,111.54
538,113.08
539,89.97
540,101.11
541,90.05
542,108.41
543,87.1
544,101.47
545,107.51
546,97.03
547,124.37
548,131.56
549,95.49
550,95.75
551,106.72
552,117.85
553,113.64
554,103.88
555,94.29
556,107.94
557,113.68
558,88.78
559,129.19
560,91.3
561,90.52
562,93.62
563,105.87
564,90.95
565,112.5
566,89.89
567,97.33
568,130.97
569,74.53
570,113.62
571,94.95
572,90.39
573,118.17
574,90.38
575,122.4
576,89.83
577,111.66
578,114.28
579,93.38
580,76.81
581,96.0
582,93.12
583,94.71
584,88.38
585,74.2
586,109.53
587,101.39
588,119.57
589,108.47
590,107.22
591,77.42
592,132.59
593,90.66
594,110.71
595,91.35
596,108.68
597,90.73
598,105.31
599,91.44
600,79.81
601,110.24
602,85.82
603,124.17
604,100.77
605,91.61
606,89.73
607,110.49
608,97.99
609,87.61
610,94.6
611,111.44
612,91.62
613,99.22
614,87.07
615,87.71
616,111.54
617,112.78
618,92.59
619,87.65
620,109.93
621,92.65
622,89.74
623,117.08
624,89.56
625,78.19
626,105.96
627,94.36
628,108.9
629,88.55
630,107.75
631,88.9
632,118.27
633,113.15
634,82.2
635,108.56
636,99.15
637,113.35
638,110.53
639,119.24
640,93.26
641,115.62
642,111.48
643,110.48
644,99.52
645,91.52
646,88.81
647,88.93
648,112.95
649,101.06
650,98.97
651,117.07
652,88.03
653,107.45
654,90.9
655,91.39
656,88.49
657,101.7
658,89.91
659,121.23
660,93.11
661,105.35
662,108.54
663,111.48
664,109.92
665,103.59
666,93.43
667,116.02
668,100.25
669,98.04
670,93.47
671,97.95
672,90.65
673,107.71
674,85.98
675,111.02
676,87.87
677,96.51
678,91.68
679,113.93
680,98.28
681,115.42
682,95.22
683,102.13
684,111.25
685,107.62
686,76.27
687,118.9
688,90.62
689,110.23
690,97.02
691,90.39
692,105.66
693,95.71
694,93.82
695,109.19
696,95.0
697,100.59
698,89.6
699,109.64
700,110.64
701,104.62
702,121.79
703,94.11
704,110.58
705,93.8
706,100.83
707,121.18
708,94.67
709,87.47
710,105.3
711,89.65
712,105.03
713,113.41
714,99.51
715,122.2
716,90.78
717,113.02
718,94.41
719,82.24
720,110.64
721,97.32
722,101.43
723,140.49
724,114.91
725,112.54
726,76.99
727,88.26
728,109.58
729,104.53
730,91.21
731,111.1
732,88.12
733,101.46
734,88.88
735,87.71
736,98.13
737,98.93
738,92.12
739,108.15
740,104.2
741,126.52
742,95.1
743,91.58
744,116.02
745,97.57
746,107.36
747,109.77
748,114.25
749,104.42
750,91.16
751,119.02
752,100.42
753,109.39
754,91.19
755,107.24
756,114.32
758,93.02
759,90.22
760,105.45
761,112.38
762,94.87
763,158.53
764,114.51
765,127.91
766,99.48
767,129.32
768,83.42
769,118.44
770,111.9
771,91.37
772,86.93
773,112.51
774,141.31
775,106.79
776,99.18
777,92.4
778,108.57
779,95.64
780,89.6
781,98.95
782,108.65
783,110.87
784,108.36
785,78.5
786,101.98
787,106.56
788,89.96
789,113.56
790,112.09
791,92.32
792,99.78
793,92.38
794,104.19
795,98.01
796,78.47
797,91.78
798,108.38
799,105.4
800,99.0
801,87.13
802,107.48
803,100.77
804,92.95
805,87.21
806,100.35
807,106.19
808,90.04
809,117.89
810,88.64
811,110.54
812,93.76
813,117.3
814,101.2
815,98.17
816,99.91
817,94.29
818,91.63
819,107.59
820,90.71
821,107.36
822,91.21
823,90.4
824,91.27
825,90.32
826,93.75
827,108.49
828,88.34
829,120.17
830,87.21
831,93.42
832,108.34
833,90.35
834,88.71
835,110.7
836,115.73
837,89.97
838,100.28
839,114.35
840,115.22
841,93.83
842,94.39
843,96.83
844,90.96
845,111.89
846,113.39
847,107.13
848,125.03
849,90.43
850,101.58
851,103.57
852,107.99
853,102.39
854,113.74
855,106.57
856,107.48
857,106.52
858,100.62
859,101.33
860,108.68
861,90.04
862,140.15
863,114.53
864,137.44
865,110.24
866,107.13
867,95.62
868,88.96
869,101.66
870,104.37
871,99.72
872,125.06
873,108.37
874,89.0
875,99.06
876,89.29
877,115.13
878,92.73
879,108.88
880,98.56
881,108.64
882,99.51
883,89.83
884,92.63
885,105.53
886,108.99
887,90.1
888,117.98
889,89.65
890,88.1
891,99.56
892,85.48
893,140.41
894,115.81
895,89.75
896,144.36
897,93.78
898,89.06
899,88.26
900,105.53
901,116.21
902,90.59
903,115.15
904,109.45
905,93.92
906,91.07
907,93.96
908,93.6
909,97.0
910,102.76
911,94.11
912,99.2
913,100.55
914,90.69
915,89.94
916,93.34
917,122.09
918,154.43
919,88.26
920,106.39
921,89.39
922,106.23
923,87.54
924,99.58
925,99.03
926,97.22
927,108.74
928,93.41
929,104.93
930,97.94
931,98.11
932,95.77
933,128.78
934,128.14
935,90.09
936,87.31
937,97.43
938,93.38
939,102.63
940,96.08
941,105.65
942,93.11
943,87.06
944,99.52
945,106.08
946,89.02
947,106.67
948,89.0
949,111.85
950,106.81
951,101.97
952,119.08
953,90.18
954,128.1
955,92.33
956,119.01
957,94.81
958,89.74
959,90.64
960,111.86
961,112.51
962,109.78
963,94.55
964,93.95
965,96.23
966,97.46
967,90.49
968,74.54
969,115.95
970,121.03
971,113.88
972,118.18
973,100.9
974,108.39
975,111.02
976,91.38
977,118.42
978,93.39
979,88.8
980,103.03
981,90.57
982,109.63
983,94.81
984,101.23
985,93.48
986,149.63
987,88.62
988,99.68
989,118.23
990,116.3
991,104.92
992,122.72
993,107.28
994,88.41
995,97.89
996,88.95
997,109.68
998,100.16
999,99.66
1000,88.51
1001,101.0
1002,100.12
1003,103.01
1004,111.74
1005,97.72
1006,111.31
1007,89.51
1008,91.33
1009,106.31
1010,89.19
1011,92.04
1012,114.88
1013,89.7
1014,108.88
1015,91.79
1016,93.65
1017,100.81
1018,122.65
1019,99.98
1020,110.03
1021,106.18
1022,88.57
1023,108.12
1024,100.37
1025,110.58
1026,88.92
1027,116.0
1028,83.98
1029,114.12
1030,88.29
1031,92.96
1032,122.4
1033,93.62
1034,101.71
1035,90.89
1036,108.52
1037,114.26
1038,91.21
1039,121.27
1040,121.28
1041,90.37
1042,98.58
1043,88.69
1044,160.87
1045,100.75
1046,92.7
1047,113.39
1048,99.16
1049,104.18
1050,97.7
1051,101.18
1052,90.49
1053,108.48
1054,93.29
1055,100.5
1056,108.76
1057,93.97
1058,110.21
1059,88.34
1060,123.24
1061,107.35
1062,90.25
1063,95.24
1064,115.22
1065,105.65
1066,90.86
1067,112.97
1068,114.8
1069,87.95
1070,91.85
1071,101.64
1072,114.56
1073,108.52
1074,109.03
1075,103.91
1076,88.01
1077,109.91
1078,108.06
1079,110.17
1080,88.15
1081,122.51
1082,96.14
1083,106.03
1084,106.35
1085,89.41
1086,92.13
1087,99.83
1088,96.05
1089,105.97
1090,110.47
1091,90.13
1092,99.24
1093,106.05
1094,105.03
1095,98.95
1096,112.57
1097,152.32
1098,106.09
1099,111.31
1100,88.61
1101,92.8
1102,78.45
1103,87.37
1104,87.05
1105,88.18
1106,76.86
1107,90.44
1108,111.58
1109,109.26
1110,106.31
1111,92.21
1112,91.38
1113,113.43
1114,112.48
1115,97.99
1116,105.18
1117,76.64
1118,108.19
1119,100.1
1120,113.34
1121,104.37
1122,94.09
1123,76.18
1124,98.39
1125,84.85
1126,111.03
1127,109.87
1128,114.89
1129,112.8
1130,134.04
1131,96.69
1132,105.51
1133,129.16
1134,95.94
1135,111.55
1136,113.03
1137,94.39
1138,99.26
1139,111.47
1140,103.72
1141,87.81
1142,93.77
1143,88.63
1144,95.33
1145,107.47
1146,85.23
1147,106.27
1148,88.36
1149,110.16
1150,101.74
1151,92.64
1152,107.82
1153,108.73
1154,92.3
1155,90.05
1156,88.57
1157,88.14
1158,88.6
1159,85.92
1160,106.13
1161,111.49
1162,110.76
1163,142.71
1164,108.51
1165,92.09
1166,113.82
1167,96.82
1168,102.04
1169,89.38
1170,77.42
1171,90.67
1172,95.59
1173,110.23
1174,91.24
1175,110.07
1176,91.55
1177,103.32
1178,93.55
1179,88.02
1180,118.06
1181,98.57
1182,91.62
1183,94.8
1184,75.26
1185,97.86
1186,90.6
1187,111.41
1188,89.69
1189,89.11
1190,75.79
1191,87.58
1192,103.31
1193,92.82
1194,104.34
1195,109.25
1196,88.79
1197,94.02
1198,98.32
1199,90.13
1200,105.95
1201,89.38
1202,90.68
1203,99.6
1204,94.57
1205,87.24
1206,123.17
1207,110.24
1208,97.26
1209,105.96
1210,78.01
1211,108.33
1212,100.87
1213,108.57
1214,88.55
1215,114.83
1216,99.93
1217,93.57
1218,109.12
1219,94.84
1220,100.75
1221,106.84
1222,117.35
1223,92.98
1224,106.58
1225,115.39
1226,106.32
1227,107.61
1228,88.69
1229,107.15
1230,107.66
1231,135.29
1232,95.76
1233,108.3
1234,101.25
1235,89.55
1236,100.32
1237,110.32
1238,88.87
1239,118.61
1240,87.25
1241,91.32
1242,97.27
1243,87.0
1244,90.0
1245,110.29
1246,91.9
1247,106.65
1248,97.47
1249,89.26
1250,100.57
1251,100.63
1252,111.1
1253,91.98
1254,115.22
1255,112.88
1256,73.15
1257,167.45
1258,109.7
1259,90.88
1260,108.35
1261,90.41
1262,96.61
1263,87.99
1264,74.1
1265,92.91
1266,111.09
1267,93.03
1268,87.63
1269,87.56
1270,76.96
1271,108.06
1272,92.34
1273,114.92
1274,89.67
1275,90.69
1276,91.35
1277,91.0
1278,96.87
1279,91.07
1280,115.6
1281,91.53
1282,101.79
1283,111.85
1284,88.93
1285,128.35
1286,98.81
1287,90.32
1288,119.87
1289,104.51
1290,112.0
1291,100.07
1292,93.0
1293,94.18
1294,119.03
1295,93.4
1296,101.13
1297,93.32
1298,92.21
1299,102.3
1300,92.63
1301,75.82
1302,96.98
1303,106.33
1304,107.98
1305,91.32
1306,73.45
1307,94.6
1308,91.11
1309,116.57
1310,108.96
1311,127.06
1312,95.74
1313,96.28
1314,105.53
1315,76.8
1316,127.19
1317,87.85
1318,91.07
1319,109.61
1320,90.82
1321,125.26
1322,86.15
1323,81.08
1324,101.0
1325,93.58
1326,103.45
1327,111.45
1328,108.13
1329,106.62
1330,108.42
1331,96.17
1332,111.42
1333,89.97
1334,110.47
1335,75.89
1336,90.72
1337,94.08
1338,132.6
1339,114.53
1340,96.45
1341,110.9
1342,108.94
1343,93.6
1344,111.15
1345,90.66
1346,106.54
1347,125.91
1348,114.65
1349,109.75
1350,120.91
1351,110.43
1352,89.9
1353,90.35
1354,89.61
1355,91.15
1356,110.57
1357,119.3
1358,102.42
1359,113.71
1360,92.39
1361,77.86
1362,90.44
1363,111.31
1364,110.33
1365,103.47
1366,112.06
1367,75.51
1368,90.4
1369,108.02
1370,117.6
1371,92.66
1372,107.7
1373,93.62
1374,93.86
1375,98.74
1376,113.75
1377,106.83
1378,103.2
1379,88.38
1380,99.2
1381,118.78
1382,102.14
1383,92.53
1384,91.01
1385,87.83
1386,111.64
1387,93.75
1388,110.42
1389,87.41
1390,117.06
1391,125.76
1392,100.56
1393,111.05
1394,87.95
1395,88.77
1396,105.85
1397,103.7
1398,114.6
1399,89.62
1400,109.37
1401,95.8
1402,104.73
1403,113.87
1404,99.0
1405,133.5
1406,102.0
1407,91.38
1408,88.29
1409,109.71
1410,98.98
1411,119.75
1412,112.99
1413,117.71
1414,91.61
1415,82.21
1416,89.3
1417,114.5
1418,104.92
1419,98.7
1420,93.76
1421,98.02
1422,109.74
1423,108.51
1424,88.67
1425,117.35
1426,102.77
1427,119.39
1428,105.89
1429,88.47
1430,104.45
1431,125.72
1432,89.41
1433,105.49
1434,87.72
1435,100.53
1436,125.46
1437,101.26
1438,132.86
1439,110.64
1440,97.86
1441,93.71
1442,111.44
1443,89.03
1444,89.57
1445,117.29
1446,111.68
1447,92.35
1448,107.54
1449,91.76
1450,81.96
1451,95.59
1452,101.64
1453,94.03
1454,88.62
1455,116.82
1456,106.66
1457,88.88
1458,99.94
1459,94.31
1460,100.5
1461,101.94
1462,97.67
1463,102.78
1464,89.39
1465,93.96
1466,88.83
1467,91.66
1468,107.04
1469,92.58
1470,108.47
1471,95.98
1472,94.76
1473,104.77
1474,89.61
1475,99.67
1476,117.4
1477,133.55
1478,105.17
1479,96.59
1480,96.81
1481,106.18
1482,107.71
1483,91.14
1484,109.55
1485,93.29
1486,108.33
1487,77.62
1488,95.64
1489,90.27
1490,108.03
1491,100.0
1492,114.52
1493,92.45
1494,139.61
1495,104.6
1496,89.94
1497,101.47
1498,106.52
1499,91.78
1500,92.94
1501,105.79
1502,117.32
1503,95.87
1504,122.12
1505,119.5
1506,100.46
1507,86.96
1508,114.18
1509,101.07
1510,110.94
1511,107.1
1512,92.6
1513,112.17
1514,89.75
1515,99.23
1516,115.05
1517,89.84
1518,110.94
1519,114.57
1520,98.7
1521,87.74
1522,120.17
1523,117.28
1524,92.46
1525,97.32
1526,114.35
1527,115.24
1528,106.6
1529,99.84
1530,109.25
1531,119.31
1532,108.26
1533,89.93
1534,78.95
1535,109.61
1536,95.71
1537,125.72
1538,90.68
1539,106.73
1540,77.45
1541,122.01
1542,116.51
1543,99.64
1544,74.35
1545,114.51
1546,107.99
1547,110.01
1548,89.28
1549,99.1
1550,90.76
1551,94.21
1552,93.94
1553,93.15
1554,114.66
1555,72.94
1556,102.48
1557,92.47
1558,100.27
1559,89.77
1560,111.22
1561,91.89
1562,88.22
1563,108.35
1564,107.79
1565,108.99
1566,95.15
1567,107.97
1568,86.34
1569,99.99
1570,92.82
1571,112.54
1572,88.77
1573,92.99
1574,101.65
1575,90.76
1576,111.4
1577,88.36
1578,110.07
1579,119.59
1580,109.79
1581,92.59
1582,111.92
1583,89.07
1584,110.22
1585,90.11
1586,98.81
1587,94.5
1588,122.31
1589,89.9
1590,111.83
1591,125.44
1592,89.19
1593,89.38
1594,85.83
1595,105.29
1596,89.14
1597,115.53
1598,88.66
1599,107.01
1600,94.9
1601,93.91
1602,93.78
1603,99.4
1604,89.01
1605,98.19
1606,109.24
1607,100.71
1608,91.43
1609,97.78
1610,88.44
1611,109.59
1612,90.52
1613,93.64
1614,72.5
1615,90.83
1616,106.22
1617,111.01
1618,107.4
1619,107.3
1620,87.33
1621,115.72
1622,95.31
1623,128.02
1624,90.26
1625,107.85
1626,119.78
1627,92.97
1628,74.86
1629,106.79
1630,108.07
1631,115.83
1632,78.47
1633,87.73
1634,101.71
1635,100.35
1636,87.57
1637,88.87
1638,92.19
1639,104.55
1640,107.12
1641,87.71
1642,119.65
1643,102.91
1644,92.32
1645,107.9
1646,91.44
1647,97.86
1648,104.91
1649,91.46
1650,106.59
1651,91.46
1652,98.31
1653,116.18
1654,87.17
1655,88.14
1656,132.29
1657,88.08
1658,106.9
1659,97.77
1660,107.77
1661,90.83
1662,97.64
1663,98.59
1664,104.87
1665,90.8
1666,98.16
1667,89.64
1668,99.03
1669,105.36
1670,113.01
1671,89.9
1672,115.19
1673,89.26
1674,92.43
1675,86.67
1676,118.27
1677,91.88
1678,109.02
1679,108.64
1680,94.56
1681,109.98
1682,92.13
1683,88.18
1684,91.08
1685,109.21
1686,73.89
1687,93.57
1688,100.71
1689,101.6
1690,87.67
1691,114.8
1692,88.73
1693,91.6
1694,110.02
1695,74.2
1696,99.58
1697,95.34
1698,109.49
1699,92.38
1700,102.78
1701,100.85
1702,88.83
1703,89.69
1704,108.99
1705,90.39
1706,103.85
1707,90.49
1708,103.03
1709,98.97
1710,91.13
1711,100.4
1712,115.39
1713,88.92
1714,109.05
1715,77.64
1716,94.35
1717,110.94
1718,92.1
1719,109.63
1720,88.28
1721,81.07
1722,90.44
1723,89.65
1724,114.65
1725,88.12
1726,106.91
1727,100.11
1728,108.88
1729,116.23
1730,111.07
1731,114.29
1732,91.23
1733,89.63
1734,90.69
1735,95.35
1736,95.21
1737,98.83
1738,91.59
1739,112.53
1740,114.63
1741,95.48
1742,123.47
1743,107.61
1744,80.2
1745,90.41
1746,109.47
1747,93.8
1748,109.13
1749,89.86
1750,106.13
1751,88.95
1752,92.08
1753,119.89
1754,112.31
1755,114.4
1756,88.7
1757,124.64
1758,96.41
1759,88.97
1760,99.59
1761,96.47
1762,101.27
1763,88.45
1764,91.88
1765,106.4
1766,112.07
1767,102.93
1768,92.18
1769,93.29
1770,107.81
1771,77.16
1772,122.4
1773,90.57
1774,95.67
1775,126.97
1776,100.09
1777,105.94
1778,111.32
1779,91.52
1780,89.65
1781,125.84
1782,111.08
1783,87.06
1784,101.89
1785,98.25
1786,113.09
1787,119.38
1788,110.33
1789,95.96
1790,93.56
1791,105.59
1792,110.39
1793,98.94
1794,94.38
1795,106.1
1796,109.34
1797,88.99
1798,91.63
1799,88.44
1800,99.41
1801,89.89
1802,109.39
1803,90.44
1804,104.65
1805,110.97
1806,113.52
1807,89.61
1808,100.68
1809,114.87
1810,112.94
1811,89.22
1812,108.31
1813,89.91
1814,92.79
1815,100.04
1816,101.35
1817,107.11
1818,88.06
1819,107.42
1820,109.65
1821,97.55
1822,76.78
1823,106.37
1824,91.88
1825,116.67
1826,111.14
1827,103.63
1828,96.21
1829,89.37
1830,98.32
1831,119.88
1832,93.91
1833,91.6
1834,103.1
1835,96.93
1836,97.58
1837,83.49
1838,101.45
1839,75.05
1840,111.21
1841,95.89
1842,115.21
1843,113.7
1844,91.41
1845,110.2
1846,109.1
1847,113.95
1848,91.88
1849,108.8
1850,87.53
1851,113.75
1852,89.19
1853,84.2
1854,92.31
1855,110.92
1856,100.68
1857,109.05
1858,95.01
1859,105.36
1860,99.54
1861,92.4
1862,118.02
1863,91.71
1864,109.02
1865,93.36
1866,88.39
1867,73.79
1868,102.3
1869,92.46
1870,101.3
1871,92.83
1872,103.39
1873,110.75
1874,89.17
1875,93.95
1876,87.99
1877,113.43
1878,102.65
1879,90.04
1880,86.9
1881,97.16
1882,92.54
1883,104.21
1884,107.26
1885,78.88
1886,89.13
1887,100.71
1888,109.28
1889,88.12
1890,90.43
1891,99.67
1892,91.03
1893,121.6
1894,80.44
1895,108.94
1896,114.55
1897,96.69
1898,98.12
1899,98.36
1900,98.96
1901,99.03
1902,100.67
1903,102.04
1904,109.01
1905,100.77
1906,97.72
1907,106.05
1908,114.3
1909,97.68
1910,87.15
1911,86.95
1912,92.52
1913,113.55
1914,78.91
1915,88.07
1916,94.24
1917,102.91
1918,93.87
1919,112.22
1920,90.62
1921,93.1
1922,109.65
1923,91.43
1924,121.06
1925,89.44
1926,86.19
1927,91.88
1928,108.96
1929,89.99
1930,109.07
1931,108.71
1932,91.85
1933,154.16
1934,91.31
1935,115.18
1936,89.96
1937,98.51
1938,96.77
1939,93.0
1940,112.31
1941,107.45
1942,112.82
1943,95.97
1944,99.15
1945,106.51
1946,118.53
1947,102.17
1948,121.1
1949,107.9
1950,121.28
1951,108.76
1952,113.98
1953,136.96
1954,92.21
1955,99.53
1956,99.46
1957,92.26
1958,91.83
1959,105.89
1960,108.37
1961,108.72
1962,104.0
1963,112.41
1964,93.18
1965,96.51
1966,134.08
1967,90.36
1968,94.69
1969,110.63
1970,89.51
1971,104.65
1972,101.57
1973,90.87
1974,88.75
1975,92.56
1976,76.1
1977,93.05
1978,97.07
1979,105.24
1980,98.54
1981,88.4
1982,119.2
1983,87.8
1984,91.99
1985,111.16
1986,90.71
1987,125.75
1988,97.21
1989,93.25
1990,76.33
1991,128.58
1992,109.01
1993,85.96
1994,107.36
1995,85.94
1996,111.01
1997,110.6
1998,101.87
1999,91.93
2000,108.71
2001,92.79
2002,95.1
2003,103.53
2004,107.4
2005,108.05
2006,87.49
2007,109.72
2008,91.04
2009,106.16
2010,97.79
2011,81.18
2012,93.11
2013,84.56
2014,114.27
2015,90.57
2016,106.4
2017,95.46
2018,80.29
2019,112.25
2020,87.33
2021,85.61
2022,90.14
2023,140.25
2024,87.8
2025,108.37
2026,90.28
2027,107.11
2028,88.18
2029,112.56
2030,99.28
2031,122.65
2032,92.84
2033,113.86
2034,119.28
2035,87.13
2036,74.43
2037,110.83
2038,112.3
2039,88.53
2040,89.81
2041,99.82
2042,88.14
2043,99.95
2044,88.2
2045,96.85
2046,118.85
2047,134.81
2048,148.94
2049,90.58
2050,92.38
2051,97.69
2052,110.07
2053,108.58
2054,111.04
2055,114.58
2056,92.02
2057,106.0
2058,96.99
2059,89.72
2060,90.77
2061,86.73
2062,74.87
2063,118.73
2064,112.09
2065,121.92
2066,97.04
2067,118.38
2068,126.11
2069,119.7
2070,92.98
2071,89.91
2072,90.75
2073,103.77
2074,105.13
2075,107.3
2076,108.28
2077,109.28
2078,136.56
2079,117.08
2080,98.56
2081,111.57
2082,97.96
2083,110.66
2084,90.72
2085,76.84
2086,128.8
2087,91.13
2088,89.2
2089,86.8
2090,107.5
2091,107.03
2092,100.86
2093,122.36
2094,98.69
2095,90.16
2096,121.41
2097,88.05
2098,92.03
2099,117.46
2100,100.05
2101,113.67
2102,112.88
2103,115.6
2104,93.53
2105,89.79
2106,135.53
2107,107.61
2108,119.94
2109,108.97
2110,97.99
2111,105.81
2112,92.17
2113,92.6
2114,112.28
2115,100.68
2116,108.98
2117,116.42
2118,93.33
2119,77.06
2120,87.97
2121,98.16
2122,94.32
2123,137.49
2124,94.28
2125,108.03
2126,100.24
2127,131.69
2128,105.91
2129,99.11
2130,99.84
2131,102.25
2132,128.87
2133,107.29
2134,87.47
2135,123.11
2136,83.23
2137,106.78
2138,90.82
2139,93.71
2140,105.11
2141,110.38
2142,115.25
2143,117.01
2144,85.72
2145,90.35
2146,103.9
2147,88.08
2148,91.96
2149,113.5
2150,120.94
2151,88.0
2152,116.61
2153,109.97
2154,94.29
2155,106.41
2156,87.16
2157,113.67
2158,111.64
2159,111.42
2160,103.36
2161,99.27
2162,95.37
2163,90.47
2164,99.56
2165,88.8
2166,98.79
2167,93.4
2168,76.38
2169,104.51
2170,110.06
2171,90.14
2172,97.19
2173,85.13
2174,93.06
2175,135.14
2176,94.79
2177,132.65
2178,106.06
2179,93.7
2180,102.39
2181,93.62
2182,105.98
2183,112.55
2184,93.0
2185,91.59
2186,74.76
2187,97.2
2188,115.75
2189,89.34
2190,93.2
2191,105.89
2192,112.19
2193,108.62
2194,106.47
2195,99.74
2196,110.0
2197,92.22
2198,133.09
2199,109.02
2200,90.53
2201,99.13
2202,106.95
2203,86.33
2204,98.33
2205,103.14
2206,89.25
2207,101.23
2208,108.59
2209,91.84
2210,117.67
2211,87.78
2212,115.27
2213,87.3
2214,97.28
2215,109.97
2216,106.35
2217,97.37
2218,109.12
2219,100.74
2220,97.55
2221,99.49
2222,102.18
2223,95.58
2224,108.69
2225,88.53
2226,78.71
2227,92.0
2228,91.99
2229,88.51
2230,94.7
2231,108.12
2232,124.31
2233,98.14
2234,89.44
2235,110.95
2236,91.68
2237,117.27
2238,102.09
2239,103.23
2240,78.71
2241,116.61
2242,113.94
2243,112.04
2244,107.66
2245,89.14
2246,89.37
2247,87.98
2248,110.58
2249,79.97
2250,116.02
2251,94.62
2252,93.42
2253,127.42
2254,90.57
2255,111.19
2256,91.91
2257,93.02
2258,75.88
2259,117.26
2260,106.47
2261,103.96
2262,118.17
2263,128.37
2264,89.48
2265,84.27
2266,109.49
2267,115.44
2268,96.38
2269,108.61
2270,123.86
2271,94.52
2272,105.25
2273,103.2
2274,108.34
2275,90.98
2276,91.47
2277,109.97
2278,88.42
2279,88.12
2280,121.84
2281,117.83
2282,118.62
2283,99.85
2284,84.53
2285,108.86
2286,107.78
2287,95.87
2288,106.98
2289,88.06
2290,90.35
2291,130.0
2292,91.48
2293,93.05
2294,102.88
2295,102.08
2296,112.12
2297,110.03
2298,93.48
2299,119.72
2300,95.23
2301,123.69
2302,88.64
2303,104.28
2304,87.89
2305,115.66
2306,88.82
2307,114.22
2308,90.6
2309,87.91
2310,86.61
2311,105.05
2312,93.6
2313,106.91
2314,92.11
2315,89.24
2316,103.42
2317,100.71
2318,112.95
2319,104.66
2320,94.85
2321,93.83
2322,112.8
2323,116.07
2324,88.16
2325,86.57
2326,93.22
2327,108.36
2328,91.79
2329,102.77
2330,95.15
2331,110.36
2332,109.31
2333,88.83
2334,100.36
2335,99.14
2336,113.95
2337,97.36
2338,99.02
2339,73.71
2340,99.84
2341,105.89
2342,98.84
2343,89.72
2344,108.54
2345,105.96
2346,112.08
2347,108.09
2348,90.79
2349,86.16
2350,107.68
2351,92.07
2352,110.1
2353,128.58
2354,128.94
2355,158.23
2356,153.51
2357,101.68
2358,103.42
2359,85.69
2360,118.77
2361,88.88
2362,88.82
2363,90.76
2364,83.67
2365,111.56
2366,98.44
2367,102.15
2368,100.54
2369,92.56
2370,98.42
2371,113.31
2372,105.82
2373,120.81
2374,114.83
2375,97.8
2376,77.47
2377,91.51
2378,108.01
2379,107.73
2380,98.76
2381,100.0
2382,108.13
2383,115.16
2384,105.66
2385,94.6
2386,114.11
2387,94.95
2388,125.38
2389,103.68
2390,100.25
2391,89.06
2392,110.84
2393,88.69
2394,125.25
2395,94.74
2396,112.12
2397,118.54
2398,88.53
2399,103.77
2400,100.13
2401,95.44
2402,106.32
2403,112.69
2404,95.81
2405,123.09
2406,90.14
2407,91.03
2408,90.83
2409,111.48
2410,90.46
2411,108.25
2412,109.37
2413,106.85
2414,97.95
2415,89.01
2416,105.97
2417,101.03
2418,108.62
2419,89.47
2420,100.05
2421,98.9
2422,104.28
2423,93.77
2424,97.07
2425,88.23
2426,101.92
2427,88.14
2428,110.96
2429,95.71
2430,87.28
2431,85.18
2432,99.55
2433,124.75
2434,106.02
2435,90.52
2436,76.22
2437,114.07
2438,116.46
2439,96.53
2440,117.24
2441,90.13
2442,96.91
2443,128.93
2444,101.74
2445,85.63
2446,97.51
2447,96.21
2448,96.38
2449,100.11
2450,88.03
2451,99.66
2452,141.39
2453,95.57
2454,116.87
2455,120.8
2456,109.82
2457,110.8
2458,109.08
2459,92.73
2460,119.48
2461,122.66
2462,86.31
2463,113.99
2464,114.88
2465,112.62
2466,108.28
2467,97.26
2468,94.39
2469,105.67
2470,95.47
2471,100.74
2472,99.49
2473,87.35
2474,122.22
2475,101.96
2476,109.42
2477,97.84
2478,115.07
2479,87.84
2480,108.72
2481,98.74
2482,96.27
2483,108.75
2484,116.37
2485,144.56
2486,138.19
2487,104.61
2488,103.82
2489,109.38
2490,113.75
2491,111.5
2492,112.67
2493,103.58
2494,88.74
2495,112.86
2496,95.27
2497,99.16
2498,92.66
2499,94.51
2500,89.17
2501,147.22
2502,91.62
2503,101.39
2504,90.88
2505,121.91
2506,89.38
2507,105.34
2508,91.62
2509,89.43
2510,97.14
2511,109.11
2512,105.42
2513,108.24
2514,88.39
2515,89.37
2516,108.34
2517,89.22
2518,90.44
2519,107.99
2520,98.68
2521,104.67
2522,96.8
2523,88.61
2524,98.94
2525,121.85
2526,87.17
2527,109.9
2528,74.99
2529,87.86
2530,99.26
2531,90.8
2532,107.53
2533,92.05
2534,91.68
2535,96.48
2536,75.1
2537,88.52
2538,99.01
2539,92.75
2540,111.22
2541,120.38
2542,105.55
2543,94.54
2544,100.55
2545,94.52
2546,110.54
2547,88.91
2548,74.79
2549,87.71
2550,119.56
2551,114.21
2552,110.81
2553,87.28
2554,96.83
2555,89.4
2556,110.66
2557,101.34
2558,91.19
2559,93.52
2560,107.35
2561,108.42
2562,91.57
2563,93.74
2564,139.16
2565,91.74
2566,92.9
2567,108.19
2568,95.86
2569,99.63
2570,99.37
2571,98.28
2572,90.25
2573,105.29
2574,88.54
2575,106.61
2576,92.66
2577,111.04
2578,99.64
2579,97.76
2580,99.68
2581,97.42
2582,88.48
2583,99.64
2584,104.33
2585,106.41
2586,112.72
2587,108.82
2588,98.59
2589,94.51
2590,91.84
2591,112.75
2592,105.7
2593,100.05
2594,90.22
2595,90.62
2596,104.66
2597,86.91
2598,108.01
2599,108.02
2600,91.86
2601,98.59
2602,108.9
2603,94.27
2604,119.35
2605,113.5
2606,140.31
2607,92.63
2608,106.04
2609,116.13
2610,96.92
2611,91.93
2612,95.65
2613,105.73
2614,108.14
2615,120.78
2616,99.69
2617,103.71
2618,107.96
2619,98.57
2620,89.11
2621,85.99
2622,111.05
2623,88.11
2624,109.02
2625,113.58
2626,88.73
2627,111.67
2628,89.6
2629,89.51
2630,102.14
2631,87.22
2632,118.71
2633,109.04
2634,105.0
2635,90.8
2636,106.02
2637,86.81
2638,111.91
2639,78.63
2640,106.96
2641,94.85
2642,89.22
2643,87.38
2644,107.75
2645,97.96
2646,84.39
2647,110.59
2648,94.83
2649,107.9
2650,90.17
2651,75.9
2652,95.89
2653,90.54
2654,107.3
2655,85.37
2656,146.3
2657,98.22
2658,132.7
2659,122.87
2660,111.49
2661,99.87
2662,101.28
2663,98.31
2664,101.14
2665,88.46
2666,98.38
2667,95.51
2668,110.0
2669,93.97
2670,108.86
2671,108.93
2672,73.52
2673,92.45
2674,89.39
2675,111.91
2676,93.83
2677,98.67
2678,102.83
2679,93.45
2680,108.33
2681,99.49
2682,114.63
2683,97.75
2684,117.48
2685,94.82
2686,89.51
2687,85.55
2688,73.53
2689,103.32
2690,94.62
2691,165.52
2692,96.52
2693,106.97
2694,90.96
2695,111.22
2696,110.65
2697,91.43
2698,99.78
2699,101.37
2700,90.48
2701,114.8
2702,94.32
2703,107.7
2704,77.25
2705,89.49
2706,133.86
2707,83.25
2708,102.76
2709,117.09
2710,96.74
2711,108.73
2712,94.07
2713,99.68
2714,75.59
2715,99.43
2716,128.67
2717,112.34
2718,135.13
2719,109.33
2720,111.12
2721,97.03
2722,120.86
2723,98.35
2724,95.66
2725,101.52
2726,90.76
2727,107.9
2728,92.1
2729,137.32
2730,88.78
2731,89.62
2732,112.47
2733,88.4
2734,92.08
2735,95.01
2736,106.18
2737,80.82
2738,89.03
2739,110.74
2740,95.65
2741,92.65
2742,109.22
2743,104.36
2744,119.46
2745,112.55
2746,99.84
2747,101.48
2748,99.14
2749,96.45
2750,105.52
2751,98.5
2752,116.36
2753,97.84
2754,93.24
2755,92.36
2756,107.44
2757,105.04
2758,88.04
2759,90.08
2760,141.09
2761,100.44
2762,125.98
2763,91.94
2764,88.1
2765,106.23
2766,110.32
2767,103.63
2768,112.69
2769,88.78
2770,95.28
2771,109.33
2772,74.22
2773,116.65
2774,109.4
2775,88.89
2776,95.65
2777,108.73
2778,101.59
2779,104.79
2780,107.46
2781,87.51
2782,114.33
2783,112.08
2784,89.33
2785,96.12
2786,111.24
2787,114.92
2788,108.12
2789,90.89
2790,98.05
2791,75.71
2792,86.03
2793,113.24
2794,89.46
2795,89.35
2796,108.24
2797,100.11
2798,104.73
2799,99.95
2800,91.08
2801,103.43
2802,90.69
2803,100.22
2804,107.05
2805,93.28
2806,89.31
2807,90.28
2808,74.27
2809,91.85
2810,97.96
2811,86.61
2812,121.11
2813,88.84
2814,106.64
2815,108.94
2816,93.52
2817,90.79
2818,129.45
2819,88.05
2820,90.51
2821,106.41
2822,119.47
2823,100.46
2824,91.29
2825,106.88
2826,90.7
2827,79.81
2828,90.64
2829,87.05
2830,89.89
2831,86.07
2832,109.09
2833,110.89
2834,90.1
2835,101.82
2836,110.85
2837,92.84
2838,89.47
2839,107.87
2840,77.68
2841,92.97
2842,101.76
2843,94.12
2844,116.93
2845,93.22
2846,88.68
2847,115.94
2848,88.61
2849,90.75
2850,92.63
2851,113.72
2852,116.93
2853,98.67
2854,103.34
2855,94.45
2856,100.09
2857,89.35
2858,108.86
2859,87.46
2860,110.84
2861,112.89
2862,95.97
2863,89.19
2864,98.97
2865,109.99
2866,89.54
2867,100.35
2868,88.97
2869,113.03
2870,110.14
2871,99.54
2872,111.33
2873,100.27
2874,101.62
2875,92.16
2876,90.6
2877,101.76
2878,98.33
2879,91.3
2880,135.48
2881,90.85
2882,111.55
2883,107.86
2884,87.85
2885,96.1
2886,108.76
2887,108.21
2888,105.82
2889,108.19
2890,94.62
2891,110.46
2892,108.84
2893,109.93
2894,99.65
2895,103.19
2896,107.74
2897,111.59
2898,91.38
2899,91.17
2900,109.6
2901,107.53
2902,74.99
2903,91.16
2904,117.52
2905,85.55
2906,89.88
2907,117.36
2908,113.8
2909,92.42
2910,106.5
2911,118.27
2912,112.05
2913,92.73
2914,108.83
2915,98.91
2916,95.5
2917,88.28
2918,91.99
2919,85.44
2920,109.67
2921,89.06
2922,98.13
2923,92.55
2924,114.23
2925,94.1
2926,100.59
2927,108.97
2928,75.85
2929,109.64
2930,88.05
2931,86.61
2932,112.8
2933,107.43
2934,89.28
2935,112.83
2936,107.38
2937,92.05
2938,87.12
2939,89.2
2940,107.14
2941,88.08
2942,109.7
2943,101.99
2944,96.98
2945,90.84
2946,103.11
2947,110.16
2948,139.07
2949,96.82
2950,98.81
2951,104.18
2952,109.66
2953,89.8
2954,107.93
2955,96.41
2956,87.0
2957,109.31
2958,89.69
2959,100.11
2960,97.28
2961,107.48
2962,86.81
2963,109.34
2964,111.51
2965,93.81
2966,100.8
2967,96.26
2968,97.14
2969,89.15
2970,97.93
2971,106.1
2972,86.73
2973,97.63
2974,107.85
2975,88.98
2976,95.98
2977,92.07
2978,89.19
2979,89.99
2980,87.44
2981,88.99
2982,107.94
2983,84.76
2984,75.19
2985,89.94
2986,104.55
2987,96.56
2988,108.74
2989,106.45
2990,114.23
2991,89.22
2992,85.89
2993,113.77
2994,92.41
2995,89.49
2996,109.13
2997,74.87
2998,90.2
2999,98.74
3000,88.7
3001,89.98
3002,99.55
3003,90.22
3004,90.94
3005,91.33
3006,100.05
3007,121.57
3008,89.62
3009,111.49
3010,90.86
3011,100.59
3012,88.38
3013,118.87
3014,73.24
3015,110.66
3016,106.93
3017,96.79
3018,101.17
3019,110.59
3020,124.6
3021,91.57
3022,88.46
3023,112.26
3024,96.6
3025,97.74
3026,100.1
3027,112.19
3028,89.59
3029,109.85
3030,101.9
3031,92.19
3032,112.12
3033,98.25
3034,76.32
3035,107.68
3036,113.83
3037,105.28
3038,93.17
3039,115.32
3040,100.78
3041,94.84
3042,98.75
3043,103.99
3044,87.4
3045,97.12
3046,90.76
3047,118.72
3048,100.29
3049,110.36
3050,91.52
3051,93.17
3052,114.71
3053,90.59
3054,109.33
3055,93.25
3056,94.47
3057,104.25
3058,90.14
3059,93.71
3060,99.48
3061,109.54
3062,73.83
3063,108.23
3064,94.59
3065,98.1
3066,107.5
3067,91.39
3068,120.76
3069,93.96
3070,107.93
3071,105.65
3072,89.79
3073,116.79
3074,90.8
3075,93.51
3076,74.17
3077,114.12
3078,95.73
3079,105.64
3080,89.23
3081,91.7
3082,75.54
3083,89.83
3084,104.31
3085,110.84
3086,115.04
3087,100.98
3088,90.41
3089,98.12
3090,101.65
3091,105.57
3092,90.65
3093,93.2
3094,94.77
3095,98.16
3096,92.49
3097,91.82
3098,117.59
3099,87.06
3100,99.48
3101,90.27
3102,88.59
3103,106.97
3104,96.19
3105,121.31
3106,92.83
3107,97.07
3108,108.61
3109,106.77
3110,88.86
3111,107.44
3112,91.63
3113,116.13
3114,88.34
3115,87.22
3116,89.06
3117,128.3
3118,105.06
3119,91.4
3120,106.82
3121,88.93
3122,111.02
3123,87.24
3124,131.67
3125,89.18
3126,91.49
3127,119.38
3128,110.5
3129,109.66
3130,112.34
3131,93.39
3132,101.52
3133,90.02
3134,91.41
3135,103.32
3136,115.0
3137,107.63
3138,90.51
3139,92.59
3140,87.58
3141,75.86
3142,87.9
3143,88.0
3144,104.85
3145,112.89
3146,96.96
3147,93.71
3148,108.58
3149,109.51
3150,104.69
3151,106.47
3152,89.06
3153,104.87
3154,91.13
3155,100.21
3156,100.39
3157,93.83
3158,86.66
3159,111.64
3160,96.53
3161,116.13
3162,94.68
3163,84.48
3164,108.15
3165,114.16
3166,102.51
3167,91.56
3168,107.05
3169,105.73
3170,104.57
3171,84.8
3172,91.88
3173,88.77
3174,109.17
3175,111.85
3176,97.34
3177,94.53
3178,90.03
3179,105.46
3180,89.05
3181,84.86
3182,97.02
3183,92.98
3184,97.87
3185,89.79
3186,98.64
3187,94.1
3188,90.05
3189,90.98
3190,100.21
3191,88.15
3192,77.5
3193,101.56
3194,92.64
3195,109.67
3196,155.62
3197,99.8
3198,87.8
3199,98.85
3200,102.71
3201,102.45
3202,89.05
3203,95.72
3204,111.91
3205,85.86
3206,88.19
3207,75.38
3208,109.21
3209,117.71
3210,107.34
3211,98.44
3212,84.22
3213,110.88
3214,90.2
3215,97.16
3216,114.73
3217,136.75
3218,90.46
3219,106.74
3220,90.99
3221,90.18
3222,90.24
3223,102.39
3224,86.94
3225,86.47
3226,105.41
3227,110.05
3228,92.57
3229,109.11
3230,90.11
3231,114.44
3232,93.67
3233,109.18
3234,92.59
3235,90.78
3236,107.37
3237,108.06
3238,87.14
3239,105.18
3240,98.56
3241,108.41
3242,94.4
3243,114.46
3244,104.22
3245,99.86
3246,88.13
3247,103.91
3248,98.61
3249,120.9
3250,89.34
3251,99.06
3252,105.4
3253,114.01
3254,101.12
3255,94.86
3256,91.88
3257,104.95
3258,101.32
3259,103.9
3260,90.01
3261,96.93
3262,92.25
3263,105.54
3264,114.47
3265,89.46
3266,120.12
3267,95.75
3268,110.74
3269,78.1
3270,92.34
3271,115.31
3272,97.32
3273,92.31
3274,89.26
3275,112.76
3276,90.91
3277,100.68
3278,88.83
3279,92.2
3280,115.33
3281,88.86
3282,90.18
3283,99.12
3284,92.81
3285,112.53
3286,88.58
3287,115.88
3288,87.99
3289,85.2
3290,88.32
3291,88.7
3292,112.32
3293,104.18
3294,87.75
3295,92.38
3296,92.41
3297,105.28
3298,118.86
3299,100.03
3300,97.98
3301,99.86
3302,77.41
3303,107.16
3304,90.45
3305,108.43
3306,94.27
3307,100.49
3308,111.34
3309,103.5
3310,105.29
3311,93.86
3312,109.99
3313,88.96
3314,97.09
3315,104.89
3316,89.37
3317,104.93
3318,90.53
3319,73.36
3320,89.04
3321,95.74
3322,104.42
3323,126.52
3324,113.91
3325,83.96
3326,113.65
3327,103.31
3328,84.72
3329,100.93
3330,112.88
3331,105.76
3332,121.22
3333,100.68
3334,125.45
3335,88.28
3336,109.62
3337,77.11
3338,89.14
3339,92.02
3340,86.93
3341,98.01
3342,102.29
3343,108.08
3344,122.28
3345,108.71
3346,92.02
3347,87.91
3348,90.49
3349,113.83
3350,85.82
3351,106.16
3352,102.56
3353,112.36
3354,97.85
3355,106.02
3356,92.8
3357,87.76
3358,84.9
3359,108.9
3360,92.43
3361,93.77
3362,110.74
3363,112.49
3364,103.86
3365,110.57
3366,92.11
3367,109.38
3368,88.6
3369,73.76
3370,110.93
3371,105.72
3372,104.09
3373,113.67
3374,107.65
3375,92.97
3376,96.44
3377,75.86
3378,86.1
3379,103.32
3380,87.71
3381,102.91
3382,86.38
3383,101.18
3384,88.75
3385,96.87
3386,87.22
3387,99.74
3388,87.2
3389,74.62
3390,89.96
3391,88.85
3392,110.44
3393,110.71
3394,94.88
3395,87.84
3396,142.46
3397,106.36
3398,74.08
3399,90.44
3400,86.41
3401,117.4
3402,86.77
3403,121.84
3404,109.32
3405,101.81
3406,103.08
3407,76.64
3408,103.62
3409,107.13
3410,108.82
3411,92.9
3412,87.68
3413,100.9
3414,97.71
3415,94.01
3416,115.41
3417,77.77
3418,93.59
3419,88.38
3420,89.25
3421,108.69
3422,109.58
3423,111.58
3424,88.53
3425,90.18
3426,96.76
3427,105.36
3428,106.58
3429,89.46
3430,74.75
3431,92.22
3432,106.4
3433,82.44
3434,91.81
3435,115.45
3436,109.09
3437,86.18
3438,110.22
3439,91.3
3440,103.85
3441,89.71
3442,108.57
3443,111.86
3444,111.68
3445,94.99
3446,86.4
3447,105.78
3448,89.06
3449,115.14
3450,99.66
3451,125.1
3452,95.5
3453,101.69
3454,87.94
3455,89.68
3456,97.93
3457,100.87
3458,93.5
3459,114.58
3460,87.33
3461,118.41
3462,98.37
3463,106.0
3464,89.58
3465,88.51
3466,109.5
3467,97.99
3468,75.9
3469,112.12
3470,104.72
3471,91.94
3472,114.8
3473,87.13
3474,98.86
3475,121.65
3476,86.04
3477,85.68
3478,91.38
3479,103.93
3480,88.71
3481,103.07
3482,105.68
3483,110.58
3484,86.96
3485,92.26
3486,112.97
3487,104.88
3488,88.51
3489,89.6
3490,97.43
3491,99.68
3492,95.1
3493,89.93
3494,100.89
3495,101.34
3496,111.83
3497,100.04
3498,86.51
3499,85.09
3500,88.65
3501,89.06
3502,88.03
3503,103.89
3504,92.22
3505,106.05
3506,73.25
3507,90.13
3508,90.11
3509,107.29
3510,92.72
3511,113.1
3512,100.08
3513,85.17
3514,118.41
3515,85.14
3516,112.32
3517,97.74
3518,88.25
3519,85.91
3520,105.29
3521,106.38
3522,112.03
3523,108.72
3524,88.66
3525,89.38
3526,85.91
3527,117.85
3528,87.78
3529,108.05
3530,93.8
3531,118.54
3532,84.42
3533,106.79
3534,108.66
3535,105.04
3536,93.5
3537,95.58
3538,96.11
3539,102.86
3540,107.29
3541,104.26
3542,86.48
3543,88.63
3544,106.3
3545,85.84
3546,94.91
3547,99.91
3548,77.38
3549,111.15
3550,105.61
3551,89.04
3552,103.62
3553,94.71
3554,88.51
3555,106.34
3556,89.53
3557,82.79
3558,87.43
3559,108.75
3560,96.45
3561,99.74
3562,104.42
3563,88.77
3564,105.1
3565,99.52
3566,91.76
3567,91.96
3568,93.83
3569,96.85
3570,118.81
3571,76.44
3572,101.86
3573,149.52
3574,106.61
3575,99.68
3576,85.93
3577,90.45
3578,90.06
3579,90.38
3580,95.56
3581,109.0
3582,109.64
3583,98.15
3584,89.11
3585,88.93
3586,107.24
3587,91.13
3588,86.23
3589,99.93
3590,89.25
3591,88.24
3592,107.39
3593,123.34
3594,85.71
3595,107.39
3596,108.77
3597,109.22
3598,87.48
3599,110.85
